Observed_Wavelength_nm,True_Wavelength_nm,Delta_Lambda_nm,Uncertainty_nm
443.6,441.5,-2.1000000000000227,0.5
470.1,467.8,-2.3000000000000114,0.5
482.1,480.0,-2.1000000000000227,0.5
510.9,508.6,-2.2999999999999545,0.5
559.3,557.0,-2.2999999999999545,0.5
589.1,587.0,-2.1000000000000227,0.5
646.2,643.8,-2.400000000000091,0.5
